Gender,Caste,coaching,Class_ten_education,twelve_education,medium,'Class_ X_Percentage',Class_XII_Percentage,Father_occupation,Mother_occupation,Performance
male,General,NO,SEBA,AHSEC,ENGLISH,Excellent,Excellent,DOCTOR,OTHERS,Excellent
male,OBC,WA,SEBA,AHSEC,OTHERS,Excellent,Excellent,SCHOOL_TEACHER,HOUSE_WIFE,Excellent
male,OBC,OA,OTHERS,CBSE,ENGLISH,Excellent,Excellent,BUSINESS,HOUSE_WIFE,Excellent
male,General,WA,SEBA,AHSEC,OTHERS,Excellent,Excellent,SCHOOL_TEACHER,SCHOOL_TEACHER,Excellent
male,General,OA,SEBA,CBSE,ENGLISH,Excellent,Excellent,COLLEGE_TEACHER,HOUSE_WIFE,Excellent
male,General,WA,CBSE,CBSE,ENGLISH,Excellent,Excellent,COLLEGE_TEACHER,HOUSE_WIFE,Excellent
female,General,OA,CBSE,CBSE,ENGLISH,Excellent,Excellent,DOCTOR,DOCTOR,Excellent
male,OBC,NO,SEBA,AHSEC,ENGLISH,Excellent,Excellent,OTHERS,HOUSE_WIFE,Excellent
female,General,NO,SEBA,AHSEC,ENGLISH,Excellent,Excellent,BUSINESS,HOUSE_WIFE,Excellent
female,General,OA,CBSE,CBSE,ENGLISH,Excellent,Excellent,COLLEGE_TEACHER,HOUSE_WIFE,Excellent
male,General,OA,CBSE,CBSE,ENGLISH,Excellent,Excellent,BUSINESS,HOUSE_WIFE,Excellent
male,General,NO,CBSE,CBSE,ENGLISH,Excellent,Excellent,DOCTOR,DOCTOR,Excellent
female,General,WA,SEBA,AHSEC,ENGLISH,Excellent,Excellent,BANK_OFFICIAL,SCHOOL_TEACHER,Excellent
male,General,NO,SEBA,AHSEC,ENGLISH,Excellent,Excellent,BUSINESS,HOUSE_WIFE,Excellent
male,General,WA,SEBA,CBSE,ENGLISH,Excellent,Excellent,OTHERS,HOUSE_WIFE,Excellent
male,General,WA,CBSE,CBSE,ENGLISH,Excellent,Excellent,OTHERS,HOUSE_WIFE,Excellent
male,General,NO,CBSE,CBSE,ENGLISH,Excellent,Excellent,OTHERS,COLLEGE_TEACHER,Excellent
female,General,OA,CBSE,CBSE,ENGLISH,Excellent,Excellent,ENGINEER,HOUSE_WIFE,Excellent
male,General,WA,SEBA,AHSEC,ENGLISH,Excellent,Excellent,SCHOOL_TEACHER,SCHOOL_TEACHER,Excellent
male,General,OA,SEBA,CBSE,ENGLISH,Excellent,Excellent,BUSINESS,SCHOOL_TEACHER,Excellent
female,OBC,NO,SEBA,AHSEC,ASSAMESE,Excellent,Excellent,COLLEGE_TEACHER,COLLEGE_TEACHER,Excellent
male,General,NO,SEBA,AHSEC,OTHERS,Vg,Vg,BANK_OFFICIAL,SCHOOL_TEACHER,Excellent
male,General,WA,SEBA,AHSEC,ENGLISH,Excellent,Excellent,COLLEGE_TEACHER,SCHOOL_TEACHER,Excellent
male,General,NO,OTHERS,CBSE,ENGLISH,Excellent,Excellent,ENGINEER,HOUSE_WIFE,Excellent
male,General,OA,CBSE,CBSE,ENGLISH,Excellent,Excellent,BUSINESS,HOUSE_WIFE,Excellent
female,General,WA,SEBA,AHSEC,ENGLISH,Excellent,Excellent,SCHOOL_TEACHER,OTHERS,Excellent
female,General,WA,SEBA,AHSEC,ENGLISH,Excellent,Excellent,COLLEGE_TEACHER,COLLEGE_TEACHER,Excellent
male,General,OA,OTHERS,OTHERS,ENGLISH,Excellent,Vg,DOCTOR,OTHERS,Excellent
female,General,WA,SEBA,AHSEC,ENGLISH,Excellent,Vg,OTHERS,COLLEGE_TEACHER,Excellent
female,General,NO,SEBA,AHSEC,ASSAMESE,Good,Vg,SCHOOL_TEACHER,HOUSE_WIFE,Excellent
female,General,NO,CBSE,CBSE,ENGLISH,Excellent,Excellent,COLLEGE_TEACHER,SCHOOL_TEACHER,Excellent
male,General,WA,SEBA,AHSEC,ENGLISH,Excellent,Excellent,ENGINEER,HOUSE_WIFE,Excellent
female,General,NO,SEBA,AHSEC,ENGLISH,Excellent,Excellent,OTHERS,HOUSE_WIFE,Excellent
male,General,WA,SEBA,AHSEC,ASSAMESE,Excellent,Excellent,OTHERS,HOUSE_WIFE,Excellent
male,OBC,NO,CBSE,CBSE,ENGLISH,Excellent,Excellent,BUSINESS,OTHERS,Excellent
female,General,OA,CBSE,AHSEC,ENGLISH,Excellent,Excellent,BUSINESS,HOUSE_WIFE,Excellent
male,General,OA,CBSE,CBSE,ENGLISH,Excellent,Excellent,DOCTOR,COLLEGE_TEACHER,Excellent
male,General,WA,SEBA,AHSEC,ENGLISH,Excellent,Excellent,BUSINESS,HOUSE_WIFE,Excellent
male,General,NO,CBSE,CBSE,ENGLISH,Excellent,Excellent,OTHERS,HOUSE_WIFE,Excellent
male,General,WA,CBSE,CBSE,ENGLISH,Excellent,Vg,ENGINEER,HOUSE_WIFE,Excellent
female,General,WA,SEBA,AHSEC,ENGLISH,Excellent,Excellent,DOCTOR,COLLEGE_TEACHER,Excellent
male,General,WA,SEBA,AHSEC,OTHERS,Good,Good,SCHOOL_TEACHER,SCHOOL_TEACHER,Excellent
male,General,WA,CBSE,CBSE,ENGLISH,Excellent,Excellent,BANK_OFFICIAL,HOUSE_WIFE,Excellent
female,General,OA,OTHERS,CBSE,ENGLISH,Excellent,Excellent,BUSINESS,HOUSE_WIFE,Excellent
male,SC,OA,CBSE,CBSE,ENGLISH,Excellent,Excellent,OTHERS,HOUSE_WIFE,Excellent
male,SC,WA,SEBA,AHSEC,OTHERS,Excellent,Vg,OTHERS,HOUSE_WIFE,Excellent
female,General,NO,CBSE,CBSE,ENGLISH,Excellent,Excellent,COLLEGE_TEACHER,SCHOOL_TEACHER,Excellent
female,General,WA,CBSE,CBSE,ENGLISH,Excellent,Excellent,OTHERS,SCHOOL_TEACHER,Excellent
female,General,WA,CBSE,CBSE,ENGLISH,Excellent,Excellent,OTHERS,OTHERS,Excellent
male,General,WA,CBSE,CBSE,ENGLISH,Excellent,Excellent,DOCTOR,DOCTOR,Excellent
male,General,WA,CBSE,CBSE,ENGLISH,Excellent,Excellent,ENGINEER,HOUSE_WIFE,Excellent
male,OBC,WA,SEBA,CBSE,ENGLISH,Excellent,Excellent,ENGINEER,HOUSE_WIFE,Excellent
female,General,WA,SEBA,AHSEC,OTHERS,Vg,Vg,OTHERS,HOUSE_WIFE,Excellent
female,General,WA,OTHERS,CBSE,ENGLISH,Excellent,Excellent,ENGINEER,HOUSE_WIFE,Excellent
male,SC,OA,SEBA,AHSEC,ENGLISH,Good,Good,BUSINESS,HOUSE_WIFE,Excellent
male,General,WA,SEBA,AHSEC,ASSAMESE,Excellent,Good,COLLEGE_TEACHER,HOUSE_WIFE,Excellent
male,General,NO,CBSE,CBSE,ENGLISH,Excellent,Good,BANK_OFFICIAL,HOUSE_WIFE,Excellent
male,General,OA,SEBA,AHSEC,ENGLISH,Excellent,Vg,SCHOOL_TEACHER,HOUSE_WIFE,Excellent
female,General,WA,SEBA,AHSEC,ASSAMESE,Excellent,Excellent,BUSINESS,HOUSE_WIFE,Excellent
male,General,WA,SEBA,AHSEC,OTHERS,Excellent,Excellent,OTHERS,HOUSE_WIFE,Excellent
male,General,WA,CBSE,CBSE,ENGLISH,Excellent,Excellent,DOCTOR,SCHOOL_TEACHER,Excellent
female,General,WA,CBSE,CBSE,ENGLISH,Excellent,Excellent,ENGINEER,HOUSE_WIFE,Excellent
male,General,WA,SEBA,AHSEC,ENGLISH,Excellent,Excellent,ENGINEER,COLLEGE_TEACHER,Excellent
female,General,WA,CBSE,CBSE,ENGLISH,Excellent,Excellent,OTHERS,OTHERS,Excellent
female,General,WA,SEBA,AHSEC,ENGLISH,Excellent,Excellent,ENGINEER,HOUSE_WIFE,Excellent
male,OBC,WA,SEBA,AHSEC,ASSAMESE,Average,Average,BUSINESS,OTHERS,Excellent
male,General,NO,CBSE,AHSEC,ENGLISH,Excellent,Excellent,OTHERS,HOUSE_WIFE,Excellent
male,OBC,NO,CBSE,CBSE,ENGLISH,Excellent,Excellent,OTHERS,HOUSE_WIFE,Excellent
female,General,WA,CBSE,CBSE,ENGLISH,Excellent,Excellent,OTHERS,HOUSE_WIFE,Excellent
female,General,OA,CBSE,CBSE,ENGLISH,Excellent,Excellent,OTHERS,HOUSE_WIFE,Excellent
male,OBC,WA,SEBA,AHSEC,OTHERS,Good,Good,OTHERS,HOUSE_WIFE,Excellent
male,General,WA,OTHERS,OTHERS,ENGLISH,Excellent,Good,OTHERS,OTHERS,Excellent
male,OBC,OA,OTHERS,OTHERS,OTHERS,Vg,Vg,BUSINESS,HOUSE_WIFE,Excellent
male,General,WA,SEBA,AHSEC,ASSAMESE,Vg,Good,OTHERS,SCHOOL_TEACHER,Excellent
male,General,OA,CBSE,CBSE,ENGLISH,Excellent,Vg,SCHOOL_TEACHER,SCHOOL_TEACHER,Excellent
male,General,WA,CBSE,CBSE,ENGLISH,Excellent,Excellent,OTHERS,COLLEGE_TEACHER,Excellent
female,General,WA,SEBA,AHSEC,OTHERS,Excellent,Excellent,SCHOOL_TEACHER,HOUSE_WIFE,Excellent
male,General,OA,CBSE,CBSE,ENGLISH,Excellent,Excellent,OTHERS,HOUSE_WIFE,Excellent
female,General,WA,CBSE,CBSE,ENGLISH,Excellent,Excellent,DOCTOR,OTHERS,Excellent
male,General,WA,SEBA,AHSEC,ENGLISH,Excellent,Excellent,OTHERS,SCHOOL_TEACHER,Excellent
female,General,WA,CBSE,CBSE,ENGLISH,Excellent,Vg,OTHERS,HOUSE_WIFE,Excellent
male,General,OA,SEBA,CBSE,ENGLISH,Excellent,Excellent,DOCTOR,HOUSE_WIFE,Excellent
male,General,OA,CBSE,CBSE,ENGLISH,Excellent,Excellent,OTHERS,HOUSE_WIFE,Excellent
male,General,WA,OTHERS,CBSE,ENGLISH,Excellent,Excellent,DOCTOR,HOUSE_WIFE,Excellent
female,OBC,WA,SEBA,CBSE,ENGLISH,Excellent,Excellent,SCHOOL_TEACHER,HOUSE_WIFE,Excellent
male,General,NO,SEBA,AHSEC,OTHERS,Average,Good,OTHERS,HOUSE_WIFE,Excellent
male,OBC,WA,SEBA,AHSEC,ENGLISH,Excellent,Excellent,OTHERS,HOUSE_WIFE,Excellent
female,OBC,WA,CBSE,CBSE,ENGLISH,Excellent,Excellent,OTHERS,HOUSE_WIFE,Excellent
female,General,WA,CBSE,CBSE,ENGLISH,Excellent,Excellent,OTHERS,SCHOOL_TEACHER,Excellent
male,General,OA,SEBA,CBSE,ENGLISH,Excellent,Excellent,ENGINEER,HOUSE_WIFE,Excellent
male,General,WA,SEBA,AHSEC,OTHERS,Good,Excellent,CULTIVATOR,HOUSE_WIFE,Excellent
male,General,OA,SEBA,CBSE,ENGLISH,Excellent,Excellent,BUSINESS,HOUSE_WIFE,Excellent
male,General,WA,SEBA,CBSE,ENGLISH,Vg,Good,OTHERS,OTHERS,Excellent
female,General,WA,SEBA,AHSEC,ASSAMESE,Good,Average,SCHOOL_TEACHER,SCHOOL_TEACHER,Excellent
male,General,WA,SEBA,AHSEC,ENGLISH,Excellent,Excellent,ENGINEER,BANK_OFFICIAL,Excellent
female,General,WA,CBSE,CBSE,ENGLISH,Excellent,Excellent,OTHERS,HOUSE_WIFE,Excellent
male,General,OA,SEBA,AHSEC,ENGLISH,Excellent,Excellent,ENGINEER,HOUSE_WIFE,Excellent
female,OBC,WA,SEBA,AHSEC,ENGLISH,Excellent,Excellent,OTHERS,OTHERS,Excellent
male,General,NO,CBSE,CBSE,ENGLISH,Vg,Vg,OTHERS,HOUSE_WIFE,Excellent
female,OBC,WA,SEBA,AHSEC,ENGLISH,Excellent,Excellent,OTHERS,COLLEGE_TEACHER,Excellent
female,General,WA,SEBA,AHSEC,ENGLISH,Excellent,Excellent,COLLEGE_TEACHER,SCHOOL_TEACHER,Excellent
female,General,WA,SEBA,CBSE,ENGLISH,Excellent,Excellent,DOCTOR,DOCTOR,Vg
male,General,WA,CBSE,CBSE,ENGLISH,Excellent,Excellent,OTHERS,HOUSE_WIFE,Vg
female,General,WA,SEBA,AHSEC,OTHERS,Excellent,Excellent,BANK_OFFICIAL,BANK_OFFICIAL,Vg
male,General,WA,CBSE,CBSE,ENGLISH,Excellent,Vg,BANK_OFFICIAL,HOUSE_WIFE,Vg
male,General,NO,OTHERS,CBSE,ENGLISH,Excellent,Excellent,OTHERS,COLLEGE_TEACHER,Vg
female,General,WA,CBSE,CBSE,ENGLISH,Vg,Vg,BUSINESS,HOUSE_WIFE,Vg
male,General,WA,SEBA,AHSEC,ENGLISH,Excellent,Excellent,OTHERS,HOUSE_WIFE,Vg
male,General,WA,SEBA,AHSEC,OTHERS,Vg,Excellent,BUSINESS,HOUSE_WIFE,Vg
female,General,WA,SEBA,AHSEC,ENGLISH,Excellent,Excellent,OTHERS,HOUSE_WIFE,Vg
male,General,NO,SEBA,CBSE,ENGLISH,Good,Good,OTHERS,HOUSE_WIFE,Vg
male,General,WA,SEBA,AHSEC,ENGLISH,Excellent,Vg,SCHOOL_TEACHER,HOUSE_WIFE,Vg
female,General,WA,CBSE,CBSE,ENGLISH,Excellent,Excellent,OTHERS,SCHOOL_TEACHER,Vg
male,General,WA,CBSE,CBSE,ENGLISH,Vg,Vg,COLLEGE_TEACHER,COLLEGE_TEACHER,Vg
male,General,WA,SEBA,AHSEC,ENGLISH,Excellent,Excellent,BUSINESS,HOUSE_WIFE,Vg
female,General,WA,CBSE,CBSE,ENGLISH,Excellent,Excellent,SCHOOL_TEACHER,SCHOOL_TEACHER,Vg
female,OBC,WA,SEBA,AHSEC,ENGLISH,Vg,Vg,ENGINEER,HOUSE_WIFE,Vg
male,General,WA,CBSE,CBSE,ENGLISH,Excellent,Excellent,OTHERS,HOUSE_WIFE,Vg
male,General,WA,SEBA,AHSEC,ENGLISH,Excellent,Excellent,SCHOOL_TEACHER,HOUSE_WIFE,Vg
male,General,WA,SEBA,AHSEC,OTHERS,Excellent,Good,SCHOOL_TEACHER,HOUSE_WIFE,Vg
male,General,NO,CBSE,CBSE,ENGLISH,Excellent,Excellent,COLLEGE_TEACHER,HOUSE_WIFE,Vg
female,OBC,WA,OTHERS,CBSE,ENGLISH,Excellent,Excellent,ENGINEER,HOUSE_WIFE,Vg
female,General,NO,SEBA,AHSEC,ENGLISH,Excellent,Excellent,OTHERS,HOUSE_WIFE,Vg
female,General,WA,CBSE,CBSE,ENGLISH,Excellent,Excellent,COLLEGE_TEACHER,SCHOOL_TEACHER,Vg
female,General,WA,SEBA,AHSEC,ENGLISH,Good,Vg,COLLEGE_TEACHER,HOUSE_WIFE,Vg
female,General,WA,SEBA,AHSEC,OTHERS,Excellent,Excellent,DOCTOR,HOUSE_WIFE,Vg
female,OBC,OA,CBSE,CBSE,ENGLISH,Excellent,Excellent,BUSINESS,BUSINESS,Vg
male,OBC,WA,SEBA,AHSEC,OTHERS,Excellent,Excellent,OTHERS,OTHERS,Vg
female,General,WA,SEBA,AHSEC,OTHERS,Excellent,Excellent,COLLEGE_TEACHER,HOUSE_WIFE,Vg
male,General,NO,SEBA,AHSEC,OTHERS,Vg,Vg,CULTIVATOR,HOUSE_WIFE,Vg
female,OBC,WA,CBSE,AHSEC,ENGLISH,Excellent,Vg,SCHOOL_TEACHER,HOUSE_WIFE,Vg
male,General,WA,SEBA,AHSEC,OTHERS,Good,Vg,BUSINESS,HOUSE_WIFE,Vg
female,General,NO,SEBA,AHSEC,ENGLISH,Excellent,Excellent,DOCTOR,DOCTOR,Vg
male,SC,WA,SEBA,AHSEC,ENGLISH,Excellent,Excellent,OTHERS,HOUSE_WIFE,Vg
female,General,NO,CBSE,CBSE,ENGLISH,Excellent,Excellent,OTHERS,HOUSE_WIFE,Vg
female,General,WA,SEBA,AHSEC,ASSAMESE,Excellent,Excellent,SCHOOL_TEACHER,HOUSE_WIFE,Vg
male,General,WA,SEBA,AHSEC,OTHERS,Excellent,Excellent,SCHOOL_TEACHER,HOUSE_WIFE,Vg
male,General,NO,CBSE,CBSE,ENGLISH,Excellent,Excellent,OTHERS,SCHOOL_TEACHER,Vg
female,OBC,NO,CBSE,CBSE,ENGLISH,Excellent,Excellent,OTHERS,HOUSE_WIFE,Vg
female,General,WA,CBSE,AHSEC,ENGLISH,Excellent,Excellent,OTHERS,HOUSE_WIFE,Vg
male,General,WA,SEBA,AHSEC,ENGLISH,Excellent,Vg,BUSINESS,HOUSE_WIFE,Vg
male,OBC,WA,CBSE,CBSE,ENGLISH,Excellent,Excellent,OTHERS,HOUSE_WIFE,Vg
male,OBC,NO,CBSE,CBSE,ENGLISH,Excellent,Excellent,OTHERS,COLLEGE_TEACHER,Vg
male,OBC,WA,SEBA,AHSEC,OTHERS,Excellent,Excellent,SCHOOL_TEACHER,HOUSE_WIFE,Vg
female,General,WA,SEBA,AHSEC,ENGLISH,Excellent,Excellent,SCHOOL_TEACHER,SCHOOL_TEACHER,Vg
female,General,WA,SEBA,AHSEC,ENGLISH,Excellent,Excellent,OTHERS,COLLEGE_TEACHER,Vg
male,OBC,NO,CBSE,CBSE,ENGLISH,Excellent,Excellent,BUSINESS,HOUSE_WIFE,Vg
male,General,WA,CBSE,CBSE,ENGLISH,Vg,Vg,OTHERS,HOUSE_WIFE,Vg
male,General,WA,CBSE,CBSE,ENGLISH,Excellent,Excellent,SCHOOL_TEACHER,HOUSE_WIFE,Vg
female,General,WA,SEBA,AHSEC,ENGLISH,Excellent,Excellent,OTHERS,HOUSE_WIFE,Vg
female,General,WA,CBSE,CBSE,ENGLISH,Excellent,Excellent,COLLEGE_TEACHER,COLLEGE_TEACHER,Vg
male,General,WA,CBSE,CBSE,ENGLISH,Vg,Good,SCHOOL_TEACHER,HOUSE_WIFE,Vg
female,General,NO,CBSE,CBSE,ENGLISH,Excellent,Excellent,OTHERS,HOUSE_WIFE,Vg
female,General,OA,CBSE,CBSE,ENGLISH,Excellent,Good,OTHERS,HOUSE_WIFE,Vg
male,General,WA,SEBA,AHSEC,ASSAMESE,Excellent,Vg,COLLEGE_TEACHER,SCHOOL_TEACHER,Vg
female,General,WA,OTHERS,CBSE,ENGLISH,Excellent,Excellent,DOCTOR,DOCTOR,Vg
male,General,OA,OTHERS,OTHERS,ENGLISH,Vg,Excellent,COLLEGE_TEACHER,SCHOOL_TEACHER,Vg
female,General,NO,SEBA,AHSEC,ENGLISH,Excellent,Excellent,OTHERS,HOUSE_WIFE,Vg
female,OBC,WA,SEBA,AHSEC,ENGLISH,Excellent,Excellent,DOCTOR,OTHERS,Vg
female,OBC,OA,CBSE,CBSE,ENGLISH,Excellent,Excellent,OTHERS,HOUSE_WIFE,Vg
female,General,WA,CBSE,CBSE,ENGLISH,Excellent,Excellent,ENGINEER,HOUSE_WIFE,Vg
female,SC,WA,CBSE,CBSE,ENGLISH,Excellent,Excellent,ENGINEER,HOUSE_WIFE,Vg
male,General,WA,SEBA,CBSE,ENGLISH,Good,Good,SCHOOL_TEACHER,HOUSE_WIFE,Vg
male,General,NO,SEBA,AHSEC,ENGLISH,Excellent,Excellent,OTHERS,HOUSE_WIFE,Vg
male,OBC,WA,SEBA,AHSEC,ENGLISH,Excellent,Excellent,OTHERS,HOUSE_WIFE,Vg
male,General,WA,SEBA,AHSEC,ENGLISH,Excellent,Vg,BUSINESS,SCHOOL_TEACHER,Vg
female,General,WA,SEBA,AHSEC,OTHERS,Excellent,Good,OTHERS,SCHOOL_TEACHER,Vg
male,SC,NO,SEBA,AHSEC,ENGLISH,Excellent,Excellent,BUSINESS,SCHOOL_TEACHER,Vg
female,OBC,WA,SEBA,AHSEC,ENGLISH,Excellent,Excellent,OTHERS,HOUSE_WIFE,Vg
female,OBC,WA,SEBA,AHSEC,ENGLISH,Excellent,Excellent,OTHERS,HOUSE_WIFE,Vg
female,General,NO,SEBA,AHSEC,ENGLISH,Excellent,Vg,OTHERS,HOUSE_WIFE,Vg
male,OBC,NO,CBSE,AHSEC,ENGLISH,Excellent,Excellent,SCHOOL_TEACHER,HOUSE_WIFE,Vg
male,General,OA,CBSE,CBSE,ENGLISH,Excellent,Excellent,OTHERS,SCHOOL_TEACHER,Vg
male,OBC,WA,SEBA,AHSEC,OTHERS,Excellent,Vg,BUSINESS,HOUSE_WIFE,Vg
male,General,NO,SEBA,AHSEC,OTHERS,Excellent,Excellent,SCHOOL_TEACHER,HOUSE_WIFE,Vg
male,General,NO,CBSE,AHSEC,ENGLISH,Excellent,Excellent,ENGINEER,HOUSE_WIFE,Vg
male,SC,WA,CBSE,CBSE,ENGLISH,Excellent,Vg,SCHOOL_TEACHER,HOUSE_WIFE,Vg
male,OBC,WA,SEBA,AHSEC,ENGLISH,Excellent,Excellent,SCHOOL_TEACHER,HOUSE_WIFE,Vg
female,General,WA,CBSE,CBSE,ENGLISH,Excellent,Excellent,ENGINEER,COLLEGE_TEACHER,Vg
male,General,OA,CBSE,CBSE,ENGLISH,Excellent,Excellent,BUSINESS,HOUSE_WIFE,Vg
female,General,WA,SEBA,AHSEC,OTHERS,Excellent,Excellent,SCHOOL_TEACHER,HOUSE_WIFE,Vg
female,General,WA,CBSE,CBSE,ENGLISH,Excellent,Excellent,ENGINEER,HOUSE_WIFE,Vg
female,OBC,WA,SEBA,AHSEC,ENGLISH,Vg,Vg,COLLEGE_TEACHER,HOUSE_WIFE,Vg
female,General,WA,SEBA,AHSEC,ASSAMESE,Excellent,Excellent,OTHERS,HOUSE_WIFE,Vg
female,General,WA,SEBA,AHSEC,ENGLISH,Excellent,Excellent,BUSINESS,HOUSE_WIFE,Vg
male,General,WA,SEBA,AHSEC,ENGLISH,Excellent,Excellent,CULTIVATOR,HOUSE_WIFE,Vg
female,OBC,WA,CBSE,CBSE,ENGLISH,Excellent,Excellent,OTHERS,OTHERS,Vg
female,General,WA,CBSE,CBSE,ENGLISH,Excellent,Excellent,DOCTOR,DOCTOR,Vg
female,General,WA,SEBA,AHSEC,OTHERS,Vg,Vg,OTHERS,HOUSE_WIFE,Vg
female,OBC,OA,SEBA,AHSEC,ENGLISH,Good,Vg,OTHERS,HOUSE_WIFE,Vg
female,General,WA,SEBA,AHSEC,ENGLISH,Excellent,Excellent,OTHERS,HOUSE_WIFE,Vg
male,General,WA,CBSE,CBSE,ENGLISH,Excellent,Excellent,OTHERS,HOUSE_WIFE,Vg
male,OBC,WA,SEBA,AHSEC,ENGLISH,Excellent,Vg,OTHERS,HOUSE_WIFE,Vg
male,OBC,NO,SEBA,AHSEC,OTHERS,Vg,Vg,BUSINESS,HOUSE_WIFE,Vg
male,OBC,WA,CBSE,CBSE,ENGLISH,Excellent,Excellent,DOCTOR,HOUSE_WIFE,Vg
female,General,WA,SEBA,AHSEC,OTHERS,Excellent,Excellent,SCHOOL_TEACHER,HOUSE_WIFE,Vg
male,General,WA,CBSE,CBSE,ENGLISH,Excellent,Excellent,OTHERS,SCHOOL_TEACHER,Vg
female,General,WA,SEBA,AHSEC,ENGLISH,Excellent,Vg,BUSINESS,SCHOOL_TEACHER,Vg
male,OBC,OA,SEBA,CBSE,ENGLISH,Vg,Excellent,BUSINESS,HOUSE_WIFE,Vg
female,General,WA,SEBA,AHSEC,ENGLISH,Vg,Vg,OTHERS,HOUSE_WIFE,Vg
male,General,WA,SEBA,AHSEC,ENGLISH,Excellent,Excellent,BUSINESS,HOUSE_WIFE,Vg
male,General,WA,CBSE,CBSE,ENGLISH,Excellent,Excellent,OTHERS,OTHERS,Vg
female,General,NO,SEBA,AHSEC,ENGLISH,Excellent,Excellent,OTHERS,OTHERS,Vg
male,General,NO,SEBA,AHSEC,ENGLISH,Excellent,Excellent,ENGINEER,SCHOOL_TEACHER,Vg
female,OBC,WA,SEBA,AHSEC,ENGLISH,Excellent,Excellent,SCHOOL_TEACHER,OTHERS,Vg
male,General,WA,CBSE,CBSE,ENGLISH,Excellent,Excellent,OTHERS,HOUSE_WIFE,Vg
female,General,WA,SEBA,CBSE,ENGLISH,Excellent,Excellent,BUSINESS,HOUSE_WIFE,Vg
female,General,WA,CBSE,CBSE,ENGLISH,Excellent,Excellent,COLLEGE_TEACHER,HOUSE_WIFE,Vg
male,General,WA,CBSE,CBSE,ENGLISH,Excellent,Excellent,BUSINESS,HOUSE_WIFE,Vg
male,General,WA,SEBA,AHSEC,ENGLISH,Excellent,Excellent,DOCTOR,HOUSE_WIFE,Vg
male,General,WA,CBSE,CBSE,ENGLISH,Excellent,Excellent,OTHERS,OTHERS,Vg
female,General,WA,SEBA,AHSEC,ENGLISH,Vg,Vg,OTHERS,HOUSE_WIFE,Vg
female,OBC,WA,CBSE,CBSE,ENGLISH,Excellent,Excellent,OTHERS,OTHERS,Vg
male,General,WA,CBSE,CBSE,ENGLISH,Excellent,Excellent,OTHERS,HOUSE_WIFE,Vg
female,SC,OA,SEBA,CBSE,ENGLISH,Excellent,Vg,OTHERS,BANK_OFFICIAL,Vg
male,General,WA,CBSE,CBSE,ENGLISH,Excellent,Excellent,BANK_OFFICIAL,HOUSE_WIFE,Vg
female,General,WA,CBSE,CBSE,ENGLISH,Excellent,Vg,BANK_OFFICIAL,BANK_OFFICIAL,Vg
male,General,WA,CBSE,CBSE,ENGLISH,Excellent,Excellent,BUSINESS,OTHERS,Vg
female,ST,WA,SEBA,AHSEC,ENGLISH,Excellent,Excellent,OTHERS,HOUSE_WIFE,Vg
female,General,WA,SEBA,AHSEC,ENGLISH,Excellent,Excellent,BANK_OFFICIAL,HOUSE_WIFE,Vg
male,General,WA,SEBA,AHSEC,OTHERS,Vg,Vg,OTHERS,HOUSE_WIFE,Vg
female,General,OA,CBSE,CBSE,ENGLISH,Excellent,Excellent,OTHERS,SCHOOL_TEACHER,Vg
male,OBC,WA,CBSE,CBSE,ENGLISH,Excellent,Excellent,OTHERS,HOUSE_WIFE,Vg
male,General,WA,SEBA,AHSEC,OTHERS,Excellent,Vg,SCHOOL_TEACHER,HOUSE_WIFE,Vg
female,General,WA,SEBA,AHSEC,ENGLISH,Excellent,Excellent,OTHERS,COLLEGE_TEACHER,Vg
male,General,WA,CBSE,CBSE,ENGLISH,Excellent,Excellent,OTHERS,HOUSE_WIFE,Vg
female,General,WA,CBSE,CBSE,ENGLISH,Excellent,Excellent,OTHERS,HOUSE_WIFE,Vg
male,General,NO,SEBA,AHSEC,ENGLISH,Excellent,Excellent,BUSINESS,HOUSE_WIFE,Vg
male,General,WA,CBSE,CBSE,ENGLISH,Excellent,Excellent,ENGINEER,HOUSE_WIFE,Vg
male,OBC,NO,SEBA,AHSEC,ENGLISH,Excellent,Excellent,COLLEGE_TEACHER,SCHOOL_TEACHER,Vg
female,General,WA,CBSE,CBSE,ENGLISH,Excellent,Excellent,SCHOOL_TEACHER,SCHOOL_TEACHER,Vg
female,SC,WA,SEBA,AHSEC,ASSAMESE,Excellent,Vg,OTHERS,OTHERS,Vg
male,OBC,WA,SEBA,AHSEC,OTHERS,Vg,Vg,CULTIVATOR,CULTIVATOR,Vg
male,General,WA,SEBA,AHSEC,OTHERS,Excellent,Excellent,OTHERS,HOUSE_WIFE,Vg
male,OBC,WA,SEBA,AHSEC,ENGLISH,Excellent,Excellent,SCHOOL_TEACHER,SCHOOL_TEACHER,Vg
female,General,WA,SEBA,AHSEC,ENGLISH,Excellent,Excellent,OTHERS,HOUSE_WIFE,Vg
male,OBC,WA,SEBA,AHSEC,OTHERS,Vg,Excellent,SCHOOL_TEACHER,SCHOOL_TEACHER,Vg
male,OBC,WA,SEBA,AHSEC,OTHERS,Excellent,Excellent,CULTIVATOR,SCHOOL_TEACHER,Vg
female,General,WA,CBSE,CBSE,ENGLISH,Excellent,Excellent,BUSINESS,BUSINESS,Vg
male,General,WA,SEBA,AHSEC,ENGLISH,Excellent,Excellent,BUSINESS,HOUSE_WIFE,Vg
male,General,WA,SEBA,AHSEC,ASSAMESE,Good,Good,SCHOOL_TEACHER,HOUSE_WIFE,Vg
female,SC,WA,SEBA,AHSEC,ENGLISH,Excellent,Excellent,BANK_OFFICIAL,SCHOOL_TEACHER,Vg
male,ST,NO,SEBA,AHSEC,ENGLISH,Average,Average,OTHERS,HOUSE_WIFE,Vg
female,General,WA,SEBA,CBSE,ENGLISH,Excellent,Excellent,BUSINESS,HOUSE_WIFE,Vg
female,General,NO,SEBA,AHSEC,ENGLISH,Vg,Excellent,DOCTOR,SCHOOL_TEACHER,Vg
female,SC,WA,CBSE,CBSE,ENGLISH,Excellent,Excellent,OTHERS,HOUSE_WIFE,Vg
female,General,WA,CBSE,CBSE,ENGLISH,Excellent,Excellent,OTHERS,HOUSE_WIFE,Vg
female,General,NO,SEBA,AHSEC,ENGLISH,Excellent,Excellent,ENGINEER,ENGINEER,Vg
male,OBC,WA,CBSE,CBSE,ENGLISH,Excellent,Vg,OTHERS,OTHERS,Vg
male,OBC,NO,CBSE,CBSE,ENGLISH,Excellent,Vg,OTHERS,HOUSE_WIFE,Vg
female,General,WA,SEBA,AHSEC,ENGLISH,Excellent,Excellent,OTHERS,HOUSE_WIFE,Vg
female,OBC,OA,CBSE,CBSE,ENGLISH,Excellent,Excellent,OTHERS,HOUSE_WIFE,Vg
female,OBC,WA,SEBA,AHSEC,ENGLISH,Excellent,Excellent,SCHOOL_TEACHER,SCHOOL_TEACHER,Vg
male,OBC,NO,CBSE,CBSE,ENGLISH,Excellent,Excellent,DOCTOR,OTHERS,Vg
female,General,NO,SEBA,AHSEC,ENGLISH,Excellent,Excellent,ENGINEER,COLLEGE_TEACHER,Vg
male,OBC,WA,SEBA,AHSEC,ENGLISH,Vg,Vg,OTHERS,HOUSE_WIFE,Vg
female,General,NO,SEBA,AHSEC,OTHERS,Excellent,Excellent,DOCTOR,DOCTOR,Vg
male,OBC,WA,CBSE,CBSE,ENGLISH,Excellent,Vg,OTHERS,HOUSE_WIFE,Vg
female,OBC,NO,CBSE,CBSE,ENGLISH,Excellent,Excellent,DOCTOR,HOUSE_WIFE,Vg
female,General,WA,SEBA,AHSEC,ENGLISH,Excellent,Vg,BUSINESS,HOUSE_WIFE,Vg
male,General,WA,SEBA,AHSEC,ASSAMESE,Excellent,Vg,OTHERS,HOUSE_WIFE,Vg
male,General,WA,SEBA,AHSEC,ENGLISH,Good,Good,BUSINESS,HOUSE_WIFE,Vg
female,SC,NO,CBSE,CBSE,ENGLISH,Excellent,Excellent,ENGINEER,OTHERS,Vg
female,SC,NO,CBSE,CBSE,ENGLISH,Excellent,Excellent,BANK_OFFICIAL,HOUSE_WIFE,Vg
male,General,WA,SEBA,AHSEC,OTHERS,Excellent,Vg,OTHERS,HOUSE_WIFE,Vg
female,General,WA,SEBA,AHSEC,ASSAMESE,Excellent,Excellent,SCHOOL_TEACHER,SCHOOL_TEACHER,Vg
female,OBC,NO,SEBA,AHSEC,ENGLISH,Excellent,Excellent,OTHERS,HOUSE_WIFE,Vg
male,OBC,WA,SEBA,AHSEC,ENGLISH,Excellent,Excellent,OTHERS,HOUSE_WIFE,Vg
female,OBC,WA,SEBA,AHSEC,ENGLISH,Vg,Excellent,OTHERS,HOUSE_WIFE,Vg
male,General,NO,CBSE,AHSEC,ENGLISH,Excellent,Excellent,SCHOOL_TEACHER,SCHOOL_TEACHER,Vg
female,General,WA,SEBA,AHSEC,ENGLISH,Excellent,Vg,OTHERS,HOUSE_WIFE,Vg
male,General,WA,SEBA,AHSEC,ENGLISH,Excellent,Vg,ENGINEER,HOUSE_WIFE,Vg
male,OBC,OA,CBSE,CBSE,ENGLISH,Excellent,Excellent,ENGINEER,ENGINEER,Vg
female,General,WA,SEBA,AHSEC,ENGLISH,Vg,Vg,BUSINESS,HOUSE_WIFE,Vg
female,General,WA,CBSE,CBSE,ENGLISH,Excellent,Excellent,OTHERS,OTHERS,Vg
female,General,WA,CBSE,CBSE,ENGLISH,Excellent,Excellent,DOCTOR,DOCTOR,Vg
female,General,WA,CBSE,CBSE,ENGLISH,Excellent,Excellent,OTHERS,HOUSE_WIFE,Vg
male,OBC,OA,CBSE,CBSE,ENGLISH,Excellent,Good,OTHERS,HOUSE_WIFE,Vg
male,General,WA,CBSE,CBSE,ENGLISH,Excellent,Excellent,OTHERS,HOUSE_WIFE,Vg
male,General,WA,SEBA,AHSEC,OTHERS,Excellent,Vg,SCHOOL_TEACHER,HOUSE_WIFE,Vg
female,General,WA,OTHERS,AHSEC,ENGLISH,Excellent,Vg,COLLEGE_TEACHER,HOUSE_WIFE,Vg
male,General,WA,SEBA,AHSEC,OTHERS,Vg,Vg,CULTIVATOR,HOUSE_WIFE,Vg
female,General,WA,SEBA,AHSEC,ENGLISH,Excellent,Excellent,COLLEGE_TEACHER,SCHOOL_TEACHER,Vg
female,General,WA,CBSE,CBSE,ENGLISH,Excellent,Excellent,COLLEGE_TEACHER,ENGINEER,Vg
male,General,WA,CBSE,CBSE,ENGLISH,Excellent,Vg,BANK_OFFICIAL,HOUSE_WIFE,Vg
male,General,OA,CBSE,CBSE,ENGLISH,Excellent,Vg,OTHERS,HOUSE_WIFE,Vg
male,General,WA,CBSE,CBSE,ENGLISH,Excellent,Vg,OTHERS,HOUSE_WIFE,Vg
male,General,WA,CBSE,CBSE,ENGLISH,Excellent,Excellent,BANK_OFFICIAL,HOUSE_WIFE,Vg
male,General,WA,CBSE,CBSE,ENGLISH,Excellent,Vg,BUSINESS,HOUSE_WIFE,Vg
male,General,WA,CBSE,AHSEC,ENGLISH,Excellent,Excellent,BUSINESS,HOUSE_WIFE,Vg
female,OBC,WA,SEBA,AHSEC,ENGLISH,Excellent,Excellent,BUSINESS,SCHOOL_TEACHER,Vg
female,OBC,NO,CBSE,CBSE,ENGLISH,Vg,Good,BUSINESS,SCHOOL_TEACHER,Vg
female,General,WA,CBSE,CBSE,ENGLISH,Excellent,Vg,OTHERS,SCHOOL_TEACHER,Vg
male,General,WA,SEBA,AHSEC,OTHERS,Excellent,Vg,OTHERS,HOUSE_WIFE,Vg
male,SC,WA,SEBA,AHSEC,ENGLISH,Vg,Excellent,OTHERS,HOUSE_WIFE,Vg
male,SC,WA,OTHERS,AHSEC,ENGLISH,Excellent,Excellent,ENGINEER,HOUSE_WIFE,Vg
male,General,WA,SEBA,AHSEC,ENGLISH,Vg,Excellent,ENGINEER,HOUSE_WIFE,Vg
female,OBC,NO,CBSE,AHSEC,ENGLISH,Excellent,Excellent,OTHERS,HOUSE_WIFE,Vg
male,General,WA,SEBA,AHSEC,ENGLISH,Vg,Excellent,OTHERS,HOUSE_WIFE,Vg
female,OBC,WA,SEBA,AHSEC,ENGLISH,Excellent,Excellent,OTHERS,HOUSE_WIFE,Good
female,General,WA,SEBA,AHSEC,ASSAMESE,Excellent,Vg,SCHOOL_TEACHER,HOUSE_WIFE,Good
male,SC,OA,SEBA,CBSE,OTHERS,Vg,Good,OTHERS,HOUSE_WIFE,Good
male,General,NO,SEBA,AHSEC,OTHERS,Excellent,Excellent,SCHOOL_TEACHER,SCHOOL_TEACHER,Good
male,General,WA,SEBA,AHSEC,ASSAMESE,Vg,Vg,SCHOOL_TEACHER,SCHOOL_TEACHER,Good
female,General,NO,CBSE,CBSE,ENGLISH,Excellent,Excellent,OTHERS,HOUSE_WIFE,Good
male,General,NO,SEBA,AHSEC,OTHERS,Excellent,Excellent,OTHERS,HOUSE_WIFE,Good
male,SC,OA,CBSE,CBSE,ENGLISH,Excellent,Excellent,OTHERS,OTHERS,Good
female,OBC,WA,CBSE,CBSE,ENGLISH,Excellent,Excellent,OTHERS,HOUSE_WIFE,Good
female,General,WA,OTHERS,CBSE,ENGLISH,Excellent,Excellent,ENGINEER,DOCTOR,Good
male,OBC,WA,SEBA,AHSEC,ENGLISH,Excellent,Excellent,OTHERS,HOUSE_WIFE,Good
male,General,WA,SEBA,AHSEC,OTHERS,Average,Good,SCHOOL_TEACHER,HOUSE_WIFE,Good
male,OBC,WA,CBSE,CBSE,ENGLISH,Excellent,Excellent,SCHOOL_TEACHER,HOUSE_WIFE,Good
female,General,WA,SEBA,CBSE,ENGLISH,Excellent,Vg,BANK_OFFICIAL,HOUSE_WIFE,Good
male,General,WA,SEBA,AHSEC,ASSAMESE,Excellent,Excellent,SCHOOL_TEACHER,SCHOOL_TEACHER,Good
female,OBC,WA,SEBA,AHSEC,ENGLISH,Excellent,Excellent,OTHERS,SCHOOL_TEACHER,Good
female,General,WA,CBSE,CBSE,ENGLISH,Excellent,Vg,BUSINESS,HOUSE_WIFE,Good
male,OBC,OA,SEBA,OTHERS,ENGLISH,Vg,Average,COLLEGE_TEACHER,HOUSE_WIFE,Good
female,OBC,WA,SEBA,AHSEC,ENGLISH,Excellent,Excellent,OTHERS,HOUSE_WIFE,Good
male,General,OA,SEBA,CBSE,ENGLISH,Excellent,Excellent,OTHERS,HOUSE_WIFE,Good
female,General,WA,SEBA,CBSE,ENGLISH,Excellent,Excellent,BANK_OFFICIAL,HOUSE_WIFE,Good
female,General,WA,SEBA,AHSEC,ENGLISH,Excellent,Excellent,SCHOOL_TEACHER,SCHOOL_TEACHER,Good
female,General,WA,CBSE,CBSE,ENGLISH,Excellent,Excellent,BUSINESS,HOUSE_WIFE,Good
male,General,WA,SEBA,AHSEC,ENGLISH,Good,Vg,BUSINESS,HOUSE_WIFE,Good
male,OBC,WA,SEBA,AHSEC,ENGLISH,Excellent,Vg,SCHOOL_TEACHER,HOUSE_WIFE,Good
male,General,NO,SEBA,AHSEC,ENGLISH,Excellent,Excellent,ENGINEER,COLLEGE_TEACHER,Good
male,General,NO,CBSE,CBSE,ENGLISH,Excellent,Vg,SCHOOL_TEACHER,HOUSE_WIFE,Good
male,General,NO,SEBA,AHSEC,ENGLISH,Vg,Vg,OTHERS,HOUSE_WIFE,Good
female,General,WA,SEBA,CBSE,ENGLISH,Good,Vg,BUSINESS,HOUSE_WIFE,Good
male,General,NO,CBSE,CBSE,ENGLISH,Excellent,Excellent,OTHERS,HOUSE_WIFE,Good
male,SC,WA,CBSE,CBSE,ENGLISH,Excellent,Excellent,OTHERS,HOUSE_WIFE,Good
male,General,OA,CBSE,CBSE,ENGLISH,Excellent,Excellent,ENGINEER,HOUSE_WIFE,Good
female,General,WA,SEBA,AHSEC,ENGLISH,Excellent,Excellent,BANK_OFFICIAL,OTHERS,Good
female,General,WA,CBSE,CBSE,ENGLISH,Excellent,Excellent,COLLEGE_TEACHER,SCHOOL_TEACHER,Good
female,General,WA,SEBA,AHSEC,ASSAMESE,Excellent,Excellent,SCHOOL_TEACHER,SCHOOL_TEACHER,Good
male,General,WA,SEBA,AHSEC,OTHERS,Vg,Vg,SCHOOL_TEACHER,SCHOOL_TEACHER,Good
female,OBC,WA,SEBA,AHSEC,ENGLISH,Vg,Vg,OTHERS,HOUSE_WIFE,Good
female,General,OA,CBSE,CBSE,ENGLISH,Excellent,Vg,ENGINEER,HOUSE_WIFE,Good
male,OBC,NO,SEBA,AHSEC,ENGLISH,Good,Good,OTHERS,OTHERS,Good
female,General,WA,SEBA,CBSE,ENGLISH,Excellent,Good,OTHERS,HOUSE_WIFE,Good
male,General,WA,SEBA,CBSE,ENGLISH,Excellent,Vg,OTHERS,HOUSE_WIFE,Good
female,OBC,OA,CBSE,CBSE,ENGLISH,Vg,Vg,BUSINESS,HOUSE_WIFE,Good
female,General,NO,SEBA,AHSEC,ENGLISH,Excellent,Excellent,DOCTOR,DOCTOR,Good
female,General,NO,SEBA,AHSEC,ENGLISH,Excellent,Excellent,ENGINEER,HOUSE_WIFE,Good
male,General,NO,CBSE,AHSEC,ENGLISH,Excellent,Excellent,OTHERS,SCHOOL_TEACHER,Good
male,General,WA,SEBA,AHSEC,ASSAMESE,Excellent,Vg,OTHERS,HOUSE_WIFE,Good
male,OBC,OA,CBSE,CBSE,ENGLISH,Vg,Vg,DOCTOR,HOUSE_WIFE,Good
male,General,WA,SEBA,AHSEC,ENGLISH,Excellent,Excellent,OTHERS,HOUSE_WIFE,Good
male,OBC,NO,SEBA,AHSEC,OTHERS,Good,Average,SCHOOL_TEACHER,HOUSE_WIFE,Good
male,General,WA,CBSE,CBSE,ENGLISH,Excellent,Vg,OTHERS,HOUSE_WIFE,Good
male,OBC,OA,CBSE,CBSE,ENGLISH,Excellent,Excellent,BUSINESS,OTHERS,Good
male,OBC,NO,CBSE,CBSE,ENGLISH,Excellent,Excellent,OTHERS,HOUSE_WIFE,Good
female,OBC,WA,CBSE,CBSE,ENGLISH,Excellent,Good,OTHERS,HOUSE_WIFE,Good
male,SC,WA,SEBA,AHSEC,ENGLISH,Excellent,Excellent,DOCTOR,HOUSE_WIFE,Good
female,SC,WA,CBSE,CBSE,ENGLISH,Excellent,Excellent,OTHERS,HOUSE_WIFE,Good
female,OBC,WA,SEBA,AHSEC,ENGLISH,Vg,Excellent,DOCTOR,HOUSE_WIFE,Good
female,OBC,WA,SEBA,AHSEC,OTHERS,Excellent,Excellent,BUSINESS,HOUSE_WIFE,Good
male,General,WA,CBSE,CBSE,ENGLISH,Excellent,Vg,OTHERS,OTHERS,Good
female,OBC,WA,SEBA,AHSEC,ENGLISH,Excellent,Excellent,OTHERS,OTHERS,Good
male,OBC,WA,SEBA,AHSEC,ASSAMESE,Excellent,Vg,SCHOOL_TEACHER,HOUSE_WIFE,Good
female,General,WA,SEBA,AHSEC,ENGLISH,Excellent,Excellent,DOCTOR,HOUSE_WIFE,Good
female,General,OA,CBSE,CBSE,ENGLISH,Excellent,Excellent,SCHOOL_TEACHER,SCHOOL_TEACHER,Good
female,General,NO,SEBA,AHSEC,ENGLISH,Excellent,Excellent,SCHOOL_TEACHER,SCHOOL_TEACHER,Good
female,OBC,NO,SEBA,AHSEC,ENGLISH,Excellent,Vg,BUSINESS,HOUSE_WIFE,Good
female,General,NO,CBSE,CBSE,ENGLISH,Excellent,Excellent,DOCTOR,HOUSE_WIFE,Good
male,General,WA,SEBA,AHSEC,OTHERS,Vg,Good,SCHOOL_TEACHER,HOUSE_WIFE,Good
female,OBC,WA,CBSE,CBSE,ENGLISH,Excellent,Excellent,SCHOOL_TEACHER,OTHERS,Good
male,General,WA,SEBA,AHSEC,ENGLISH,Excellent,Excellent,OTHERS,HOUSE_WIFE,Good
male,General,WA,CBSE,CBSE,ENGLISH,Excellent,Vg,OTHERS,HOUSE_WIFE,Good
female,OBC,WA,CBSE,CBSE,ENGLISH,Excellent,Excellent,OTHERS,OTHERS,Good
male,General,WA,CBSE,CBSE,ENGLISH,Excellent,Excellent,BUSINESS,HOUSE_WIFE,Good
male,General,WA,SEBA,AHSEC,ENGLISH,Excellent,Excellent,DOCTOR,HOUSE_WIFE,Good
male,General,WA,SEBA,AHSEC,ENGLISH,Excellent,Excellent,SCHOOL_TEACHER,HOUSE_WIFE,Good
female,OBC,WA,CBSE,CBSE,ENGLISH,Excellent,Vg,OTHERS,HOUSE_WIFE,Good
female,OBC,WA,CBSE,CBSE,ENGLISH,Excellent,Excellent,OTHERS,OTHERS,Good
female,OBC,WA,SEBA,AHSEC,ENGLISH,Excellent,Excellent,OTHERS,SCHOOL_TEACHER,Good
female,OBC,WA,SEBA,AHSEC,OTHERS,Good,Good,BUSINESS,HOUSE_WIFE,Good
male,General,WA,CBSE,CBSE,ENGLISH,Excellent,Excellent,OTHERS,HOUSE_WIFE,Good
female,OBC,WA,SEBA,AHSEC,ENGLISH,Vg,Good,BUSINESS,HOUSE_WIFE,Good
female,OBC,OA,SEBA,AHSEC,ENGLISH,Excellent,Excellent,SCHOOL_TEACHER,SCHOOL_TEACHER,Good
female,OBC,WA,CBSE,CBSE,ENGLISH,Excellent,Excellent,DOCTOR,OTHERS,Good
male,General,WA,SEBA,AHSEC,OTHERS,Excellent,Excellent,OTHERS,SCHOOL_TEACHER,Good
male,General,WA,SEBA,AHSEC,OTHERS,Excellent,Vg,OTHERS,OTHERS,Good
female,General,NO,SEBA,AHSEC,ENGLISH,Excellent,Excellent,SCHOOL_TEACHER,SCHOOL_TEACHER,Good
female,OBC,NO,SEBA,AHSEC,ENGLISH,Excellent,Excellent,OTHERS,HOUSE_WIFE,Good
male,General,WA,SEBA,AHSEC,ENGLISH,Excellent,Excellent,SCHOOL_TEACHER,SCHOOL_TEACHER,Good
male,OBC,OA,SEBA,AHSEC,ENGLISH,Excellent,Excellent,DOCTOR,HOUSE_WIFE,Good
male,OBC,NO,SEBA,AHSEC,ENGLISH,Excellent,Vg,OTHERS,HOUSE_WIFE,Good
female,General,WA,SEBA,AHSEC,ASSAMESE,Excellent,Vg,DOCTOR,OTHERS,Good
female,General,WA,SEBA,CBSE,ENGLISH,Excellent,Excellent,BUSINESS,HOUSE_WIFE,Good
male,General,NO,SEBA,AHSEC,OTHERS,Excellent,Excellent,CULTIVATOR,HOUSE_WIFE,Good
female,General,WA,CBSE,CBSE,ENGLISH,Excellent,Excellent,DOCTOR,OTHERS,Good
male,General,WA,SEBA,AHSEC,ENGLISH,Excellent,Excellent,OTHERS,HOUSE_WIFE,Good
female,General,NO,CBSE,CBSE,ENGLISH,Excellent,Vg,OTHERS,HOUSE_WIFE,Good
male,General,WA,SEBA,AHSEC,ENGLISH,Excellent,Excellent,OTHERS,HOUSE_WIFE,Good
female,SC,NO,SEBA,AHSEC,ENGLISH,Excellent,Excellent,BUSINESS,HOUSE_WIFE,Good
female,General,WA,SEBA,AHSEC,ENGLISH,Excellent,Excellent,OTHERS,OTHERS,Good
female,General,WA,CBSE,CBSE,ENGLISH,Excellent,Good,BUSINESS,HOUSE_WIFE,Good
male,General,WA,SEBA,AHSEC,ENGLISH,Vg,Vg,SCHOOL_TEACHER,SCHOOL_TEACHER,Good
male,General,NO,SEBA,AHSEC,OTHERS,Excellent,Excellent,SCHOOL_TEACHER,HOUSE_WIFE,Good
male,OBC,WA,CBSE,CBSE,ENGLISH,Excellent,Excellent,OTHERS,HOUSE_WIFE,Good
male,General,WA,SEBA,AHSEC,ENGLISH,Excellent,Vg,OTHERS,HOUSE_WIFE,Good
male,General,NO,SEBA,AHSEC,OTHERS,Good,Good,SCHOOL_TEACHER,HOUSE_WIFE,Good
female,OBC,WA,SEBA,AHSEC,ASSAMESE,Excellent,Excellent,OTHERS,SCHOOL_TEACHER,Good
male,SC,NO,CBSE,CBSE,ENGLISH,Excellent,Excellent,BUSINESS,HOUSE_WIFE,Good
male,General,WA,SEBA,AHSEC,ENGLISH,Vg,Vg,BUSINESS,HOUSE_WIFE,Good
male,OBC,WA,CBSE,CBSE,ENGLISH,Vg,Good,BUSINESS,HOUSE_WIFE,Good
male,General,NO,SEBA,AHSEC,ENGLISH,Vg,Vg,OTHERS,HOUSE_WIFE,Good
male,General,WA,CBSE,CBSE,ENGLISH,Excellent,Excellent,SCHOOL_TEACHER,SCHOOL_TEACHER,Good
male,General,WA,SEBA,AHSEC,OTHERS,Vg,Vg,SCHOOL_TEACHER,HOUSE_WIFE,Good
female,ST,WA,SEBA,AHSEC,OTHERS,Excellent,Excellent,SCHOOL_TEACHER,SCHOOL_TEACHER,Good
female,General,NO,SEBA,AHSEC,ENGLISH,Excellent,Excellent,OTHERS,SCHOOL_TEACHER,Good
female,OBC,NO,SEBA,AHSEC,ENGLISH,Excellent,Excellent,OTHERS,OTHERS,Good
male,SC,NO,CBSE,CBSE,ENGLISH,Excellent,Vg,OTHERS,HOUSE_WIFE,Good
male,OBC,WA,SEBA,AHSEC,ASSAMESE,Excellent,Vg,OTHERS,HOUSE_WIFE,Good
female,OBC,WA,SEBA,AHSEC,ENGLISH,Excellent,Vg,OTHERS,HOUSE_WIFE,Good
male,General,OA,CBSE,CBSE,ENGLISH,Excellent,Excellent,OTHERS,SCHOOL_TEACHER,Good
male,General,NO,CBSE,CBSE,ENGLISH,Excellent,Excellent,OTHERS,HOUSE_WIFE,Good
male,General,WA,CBSE,CBSE,ENGLISH,Excellent,Vg,BUSINESS,HOUSE_WIFE,Good
male,SC,WA,CBSE,CBSE,ENGLISH,Excellent,Excellent,CULTIVATOR,HOUSE_WIFE,Good
male,General,OA,CBSE,CBSE,ENGLISH,Excellent,Excellent,DOCTOR,SCHOOL_TEACHER,Good
male,General,NO,CBSE,CBSE,ENGLISH,Excellent,Excellent,DOCTOR,HOUSE_WIFE,Good
male,General,NO,SEBA,AHSEC,OTHERS,Vg,Vg,BUSINESS,HOUSE_WIFE,Good
male,General,WA,SEBA,AHSEC,OTHERS,Vg,Good,SCHOOL_TEACHER,HOUSE_WIFE,Good
female,SC,WA,SEBA,AHSEC,ENGLISH,Excellent,Excellent,OTHERS,HOUSE_WIFE,Good
male,OBC,WA,CBSE,CBSE,ENGLISH,Excellent,Excellent,OTHERS,HOUSE_WIFE,Good
female,General,WA,SEBA,CBSE,ENGLISH,Excellent,Excellent,BUSINESS,HOUSE_WIFE,Good
female,General,WA,CBSE,CBSE,ENGLISH,Excellent,Vg,OTHERS,OTHERS,Good
female,General,WA,SEBA,CBSE,ENGLISH,Excellent,Excellent,OTHERS,HOUSE_WIFE,Good
female,OBC,WA,SEBA,AHSEC,ENGLISH,Excellent,Excellent,OTHERS,OTHERS,Good
male,General,WA,CBSE,CBSE,ENGLISH,Excellent,Excellent,BUSINESS,OTHERS,Good
female,General,NO,SEBA,CBSE,ENGLISH,Excellent,Excellent,SCHOOL_TEACHER,SCHOOL_TEACHER,Good
female,OBC,WA,SEBA,AHSEC,ENGLISH,Excellent,Vg,OTHERS,HOUSE_WIFE,Good
male,General,NO,CBSE,CBSE,ENGLISH,Excellent,Vg,BUSINESS,HOUSE_WIFE,Good
male,General,NO,SEBA,CBSE,ENGLISH,Excellent,Excellent,BUSINESS,HOUSE_WIFE,Good
female,SC,WA,OTHERS,CBSE,ENGLISH,Excellent,Excellent,DOCTOR,HOUSE_WIFE,Good
female,OBC,WA,SEBA,AHSEC,ENGLISH,Excellent,Excellent,DOCTOR,HOUSE_WIFE,Good
female,General,NO,SEBA,CBSE,ENGLISH,Excellent,Vg,BUSINESS,HOUSE_WIFE,Good
female,OBC,WA,SEBA,AHSEC,ENGLISH,Excellent,Vg,DOCTOR,SCHOOL_TEACHER,Good
male,General,WA,CBSE,CBSE,ENGLISH,Vg,Good,OTHERS,HOUSE_WIFE,Good
female,General,NO,SEBA,AHSEC,ENGLISH,Excellent,Excellent,OTHERS,SCHOOL_TEACHER,Good
male,General,WA,SEBA,AHSEC,OTHERS,Vg,Vg,CULTIVATOR,HOUSE_WIFE,Good
male,OBC,WA,SEBA,AHSEC,ASSAMESE,Excellent,Excellent,SCHOOL_TEACHER,SCHOOL_TEACHER,Good
female,General,WA,OTHERS,CBSE,ENGLISH,Excellent,Excellent,BUSINESS,HOUSE_WIFE,Good
male,General,WA,SEBA,AHSEC,OTHERS,Vg,Vg,SCHOOL_TEACHER,HOUSE_WIFE,Good
female,General,NO,CBSE,CBSE,ENGLISH,Excellent,Good,BUSINESS,OTHERS,Good
female,General,WA,CBSE,CBSE,ENGLISH,Excellent,Excellent,BUSINESS,SCHOOL_TEACHER,Good
male,General,OA,CBSE,CBSE,ENGLISH,Excellent,Vg,SCHOOL_TEACHER,HOUSE_WIFE,Good
female,ST,NO,SEBA,AHSEC,OTHERS,Excellent,Excellent,OTHERS,HOUSE_WIFE,Good
female,OBC,OA,OTHERS,CBSE,ENGLISH,Excellent,Excellent,BUSINESS,HOUSE_WIFE,Good
female,General,WA,CBSE,CBSE,ENGLISH,Excellent,Excellent,OTHERS,OTHERS,Good
male,General,WA,SEBA,AHSEC,ASSAMESE,Excellent,Excellent,DOCTOR,SCHOOL_TEACHER,Good
female,General,WA,CBSE,CBSE,ENGLISH,Excellent,Excellent,OTHERS,HOUSE_WIFE,Good
female,SC,NO,SEBA,AHSEC,ENGLISH,Excellent,Excellent,SCHOOL_TEACHER,SCHOOL_TEACHER,Good
female,General,WA,SEBA,AHSEC,OTHERS,Excellent,Excellent,OTHERS,HOUSE_WIFE,Good
male,General,WA,SEBA,AHSEC,ENGLISH,Excellent,Vg,SCHOOL_TEACHER,SCHOOL_TEACHER,Good
male,OBC,NO,SEBA,AHSEC,ENGLISH,Good,Vg,OTHERS,OTHERS,Good
male,General,WA,SEBA,AHSEC,OTHERS,Vg,Excellent,SCHOOL_TEACHER,HOUSE_WIFE,Good
male,General,WA,CBSE,CBSE,ENGLISH,Good,Good,SCHOOL_TEACHER,HOUSE_WIFE,Good
male,SC,WA,SEBA,AHSEC,ASSAMESE,Excellent,Vg,SCHOOL_TEACHER,HOUSE_WIFE,Good
male,General,WA,SEBA,AHSEC,OTHERS,Good,Vg,SCHOOL_TEACHER,OTHERS,Good
male,General,NO,SEBA,AHSEC,OTHERS,Excellent,Excellent,SCHOOL_TEACHER,HOUSE_WIFE,Good
female,General,WA,SEBA,AHSEC,ENGLISH,Excellent,Excellent,BUSINESS,HOUSE_WIFE,Good
male,General,OA,CBSE,CBSE,ENGLISH,Excellent,Excellent,CULTIVATOR,HOUSE_WIFE,Good
male,General,OA,CBSE,CBSE,ENGLISH,Excellent,Excellent,DOCTOR,SCHOOL_TEACHER,Good
male,General,WA,SEBA,AHSEC,OTHERS,Vg,Excellent,OTHERS,SCHOOL_TEACHER,Good
male,General,WA,CBSE,AHSEC,ENGLISH,Excellent,Excellent,SCHOOL_TEACHER,SCHOOL_TEACHER,Good
female,OBC,NO,CBSE,CBSE,ENGLISH,Excellent,Vg,OTHERS,OTHERS,Good
female,OBC,WA,SEBA,AHSEC,ASSAMESE,Excellent,Excellent,DOCTOR,HOUSE_WIFE,Good
male,General,NO,CBSE,CBSE,ENGLISH,Excellent,Excellent,OTHERS,OTHERS,Good
male,SC,WA,SEBA,AHSEC,OTHERS,Excellent,Excellent,OTHERS,HOUSE_WIFE,Good
male,General,WA,SEBA,AHSEC,OTHERS,Vg,Vg,OTHERS,HOUSE_WIFE,Good
male,General,WA,CBSE,CBSE,ENGLISH,Excellent,Excellent,OTHERS,HOUSE_WIFE,Good
male,OBC,WA,SEBA,AHSEC,ENGLISH,Excellent,Excellent,OTHERS,HOUSE_WIFE,Good
female,General,WA,CBSE,CBSE,ENGLISH,Excellent,Excellent,OTHERS,HOUSE_WIFE,Good
male,OBC,NO,SEBA,AHSEC,OTHERS,Average,Good,OTHERS,HOUSE_WIFE,Good
male,General,NO,CBSE,CBSE,ENGLISH,Excellent,Excellent,OTHERS,HOUSE_WIFE,Good
female,OBC,WA,SEBA,AHSEC,ENGLISH,Vg,Vg,DOCTOR,HOUSE_WIFE,Good
male,General,NO,CBSE,CBSE,ENGLISH,Excellent,Excellent,OTHERS,HOUSE_WIFE,Good
male,OBC,WA,SEBA,AHSEC,ASSAMESE,Good,Average,OTHERS,HOUSE_WIFE,Good
male,OBC,WA,CBSE,CBSE,ENGLISH,Excellent,Vg,OTHERS,SCHOOL_TEACHER,Good
male,OBC,WA,CBSE,CBSE,ENGLISH,Excellent,Excellent,BUSINESS,HOUSE_WIFE,Good
male,OBC,NO,CBSE,AHSEC,ASSAMESE,Vg,Good,SCHOOL_TEACHER,HOUSE_WIFE,Good
female,OBC,WA,SEBA,CBSE,ENGLISH,Excellent,Vg,OTHERS,OTHERS,Good
male,OBC,NO,SEBA,CBSE,ENGLISH,Excellent,Excellent,BUSINESS,HOUSE_WIFE,Good
female,OBC,WA,SEBA,AHSEC,ASSAMESE,Excellent,Vg,BUSINESS,OTHERS,Good
female,OBC,WA,SEBA,AHSEC,ENGLISH,Vg,Vg,BUSINESS,HOUSE_WIFE,Good
female,OBC,WA,SEBA,AHSEC,ENGLISH,Excellent,Vg,OTHERS,HOUSE_WIFE,Good
female,OBC,WA,SEBA,AHSEC,ASSAMESE,Excellent,Excellent,CULTIVATOR,SCHOOL_TEACHER,Good
female,OBC,WA,SEBA,AHSEC,ASSAMESE,Excellent,Vg,OTHERS,SCHOOL_TEACHER,Good
male,OBC,WA,SEBA,AHSEC,ENGLISH,Excellent,Good,SCHOOL_TEACHER,SCHOOL_TEACHER,Good
male,OBC,NO,SEBA,AHSEC,ENGLISH,Excellent,Excellent,DOCTOR,OTHERS,Good
male,OBC,WA,CBSE,CBSE,ENGLISH,Good,Excellent,OTHERS,HOUSE_WIFE,Good
female,OBC,WA,SEBA,AHSEC,ENGLISH,Excellent,Excellent,OTHERS,SCHOOL_TEACHER,Good
female,OBC,NO,SEBA,AHSEC,ENGLISH,Excellent,Excellent,SCHOOL_TEACHER,HOUSE_WIFE,Good
female,OBC,OA,SEBA,AHSEC,ENGLISH,Excellent,Excellent,OTHERS,HOUSE_WIFE,Good
female,OBC,WA,SEBA,AHSEC,ENGLISH,Excellent,Excellent,DOCTOR,HOUSE_WIFE,Good
female,OBC,WA,CBSE,CBSE,ENGLISH,Excellent,Excellent,DOCTOR,HOUSE_WIFE,Good
female,OBC,WA,SEBA,AHSEC,ENGLISH,Vg,Excellent,BUSINESS,HOUSE_WIFE,Good
male,OBC,WA,CBSE,CBSE,ENGLISH,Excellent,Vg,BUSINESS,HOUSE_WIFE,Good
female,OBC,WA,SEBA,AHSEC,ASSAMESE,Excellent,Excellent,SCHOOL_TEACHER,HOUSE_WIFE,Average
male,OBC,WA,SEBA,AHSEC,ENGLISH,Excellent,Excellent,BUSINESS,HOUSE_WIFE,Average
female,OBC,WA,SEBA,CBSE,ENGLISH,Excellent,Excellent,OTHERS,HOUSE_WIFE,Average
male,OBC,WA,SEBA,AHSEC,ENGLISH,Vg,Good,OTHERS,HOUSE_WIFE,Average
female,OBC,WA,SEBA,AHSEC,ASSAMESE,Excellent,Excellent,DOCTOR,HOUSE_WIFE,Average
male,OBC,WA,CBSE,CBSE,ENGLISH,Excellent,Excellent,OTHERS,SCHOOL_TEACHER,Average
female,OBC,NO,SEBA,AHSEC,ASSAMESE,Excellent,Vg,SCHOOL_TEACHER,HOUSE_WIFE,Average
male,OBC,WA,CBSE,CBSE,ENGLISH,Excellent,Excellent,OTHERS,HOUSE_WIFE,Average
female,OBC,NO,SEBA,AHSEC,ENGLISH,Excellent,Excellent,BUSINESS,HOUSE_WIFE,Average
male,OBC,WA,SEBA,AHSEC,ASSAMESE,Vg,Good,BUSINESS,HOUSE_WIFE,Average
male,OBC,OA,CBSE,CBSE,ENGLISH,Excellent,Excellent,DOCTOR,OTHERS,Average
female,OBC,WA,SEBA,AHSEC,ASSAMESE,Excellent,Excellent,OTHERS,HOUSE_WIFE,Average
male,OBC,WA,SEBA,AHSEC,ENGLISH,Vg,Vg,OTHERS,OTHERS,Average
female,OBC,WA,SEBA,AHSEC,ENGLISH,Excellent,Excellent,OTHERS,HOUSE_WIFE,Average
female,OBC,NO,SEBA,AHSEC,ASSAMESE,Vg,Good,OTHERS,HOUSE_WIFE,Average
male,OBC,NO,CBSE,CBSE,ENGLISH,Excellent,Excellent,SCHOOL_TEACHER,HOUSE_WIFE,Average
female,OBC,WA,CBSE,CBSE,ENGLISH,Excellent,Excellent,OTHERS,HOUSE_WIFE,Average
male,OBC,WA,SEBA,AHSEC,ENGLISH,Excellent,Vg,BUSINESS,HOUSE_WIFE,Average
male,OBC,NO,SEBA,AHSEC,ENGLISH,Vg,Vg,OTHERS,HOUSE_WIFE,Average
male,OBC,WA,SEBA,CBSE,ENGLISH,Vg,Vg,BUSINESS,HOUSE_WIFE,Average
male,OBC,WA,CBSE,CBSE,ENGLISH,Excellent,Good,OTHERS,OTHERS,Average
male,OBC,NO,SEBA,AHSEC,OTHERS,Vg,Average,SCHOOL_TEACHER,HOUSE_WIFE,Average
female,OBC,NO,SEBA,AHSEC,ENGLISH,Excellent,Excellent,OTHERS,SCHOOL_TEACHER,Average
male,OBC,WA,SEBA,AHSEC,ASSAMESE,Excellent,Vg,OTHERS,HOUSE_WIFE,Average
male,OBC,NO,SEBA,AHSEC,ASSAMESE,Excellent,Excellent,BUSINESS,SCHOOL_TEACHER,Average
female,SC,WA,CBSE,CBSE,ENGLISH,Excellent,Excellent,OTHERS,HOUSE_WIFE,Good
male,SC,WA,SEBA,AHSEC,ENGLISH,Vg,Good,SCHOOL_TEACHER,HOUSE_WIFE,Good
female,SC,WA,SEBA,AHSEC,ENGLISH,Excellent,Vg,BUSINESS,HOUSE_WIFE,Good
female,SC,NO,SEBA,AHSEC,OTHERS,Excellent,Excellent,ENGINEER,HOUSE_WIFE,Good
female,SC,OA,SEBA,AHSEC,ENGLISH,Excellent,Vg,OTHERS,HOUSE_WIFE,Good
female,SC,WA,SEBA,AHSEC,ENGLISH,Vg,Vg,OTHERS,HOUSE_WIFE,Good
male,SC,WA,CBSE,CBSE,ENGLISH,Excellent,Excellent,CULTIVATOR,HOUSE_WIFE,Good
female,SC,NO,CBSE,CBSE,ENGLISH,Excellent,Excellent,ENGINEER,HOUSE_WIFE,Average
female,SC,WA,CBSE,CBSE,ENGLISH,Excellent,Excellent,OTHERS,HOUSE_WIFE,Average
female,SC,WA,SEBA,AHSEC,ENGLISH,Excellent,Excellent,BUSINESS,HOUSE_WIFE,Average
male,SC,WA,SEBA,AHSEC,ASSAMESE,Good,Good,OTHERS,HOUSE_WIFE,Average
female,SC,WA,SEBA,AHSEC,ENGLISH,Excellent,Excellent,OTHERS,HOUSE_WIFE,Average
female,SC,WA,SEBA,AHSEC,ASSAMESE,Good,Good,SCHOOL_TEACHER,HOUSE_WIFE,Average
female,SC,WA,SEBA,CBSE,ENGLISH,Excellent,Excellent,BUSINESS,HOUSE_WIFE,Average
female,SC,WA,CBSE,CBSE,ENGLISH,Vg,Vg,BANK_OFFICIAL,OTHERS,Average
female,SC,NO,SEBA,AHSEC,ASSAMESE,Excellent,Excellent,OTHERS,HOUSE_WIFE,Average
female,SC,NO,SEBA,AHSEC,ASSAMESE,Average,Good,BUSINESS,HOUSE_WIFE,Average
male,SC,NO,CBSE,CBSE,ENGLISH,Excellent,Excellent,OTHERS,HOUSE_WIFE,Average
female,SC,NO,CBSE,CBSE,ENGLISH,Excellent,Excellent,OTHERS,OTHERS,Average
female,SC,WA,SEBA,AHSEC,ENGLISH,Excellent,Vg,BUSINESS,HOUSE_WIFE,Average
male,SC,WA,CBSE,CBSE,ENGLISH,Excellent,Excellent,OTHERS,HOUSE_WIFE,Average
male,SC,WA,SEBA,AHSEC,ASSAMESE,Vg,Vg,CULTIVATOR,HOUSE_WIFE,Average
male,SC,WA,CBSE,CBSE,ENGLISH,Excellent,Good,SCHOOL_TEACHER,OTHERS,Average
male,SC,WA,SEBA,AHSEC,ENGLISH,Excellent,Excellent,BUSINESS,SCHOOL_TEACHER,Average
female,SC,WA,SEBA,AHSEC,ENGLISH,Excellent,Vg,OTHERS,HOUSE_WIFE,Average
male,SC,NO,SEBA,CBSE,ENGLISH,Excellent,Excellent,BUSINESS,HOUSE_WIFE,Average
female,SC,WA,SEBA,AHSEC,OTHERS,Excellent,Vg,SCHOOL_TEACHER,HOUSE_WIFE,Average
male,SC,NO,SEBA,AHSEC,ENGLISH,Excellent,Excellent,OTHERS,OTHERS,Average
male,SC,NO,SEBA,AHSEC,ENGLISH,Vg,Vg,OTHERS,HOUSE_WIFE,Average
female,SC,NO,SEBA,CBSE,ENGLISH,Vg,Vg,DOCTOR,SCHOOL_TEACHER,Average
female,SC,WA,SEBA,AHSEC,OTHERS,Good,Good,SCHOOL_TEACHER,OTHERS,Average
female,SC,WA,SEBA,CBSE,ENGLISH,Vg,Excellent,OTHERS,HOUSE_WIFE,Average
female,SC,WA,SEBA,AHSEC,ENGLISH,Excellent,Vg,OTHERS,OTHERS,Average
male,SC,WA,SEBA,AHSEC,ENGLISH,Excellent,Vg,OTHERS,SCHOOL_TEACHER,Average
male,SC,WA,SEBA,AHSEC,ASSAMESE,Excellent,Vg,SCHOOL_TEACHER,HOUSE_WIFE,Average
female,SC,WA,CBSE,CBSE,ENGLISH,Excellent,Excellent,ENGINEER,HOUSE_WIFE,Average
male,SC,NO,SEBA,AHSEC,ENGLISH,Excellent,Excellent,BUSINESS,HOUSE_WIFE,Average
male,SC,WA,SEBA,AHSEC,ASSAMESE,Excellent,Excellent,ENGINEER,HOUSE_WIFE,Average
male,ST,WA,SEBA,AHSEC,ASSAMESE,Excellent,Excellent,SCHOOL_TEACHER,SCHOOL_TEACHER,Good
female,ST,WA,CBSE,CBSE,ENGLISH,Excellent,Vg,BUSINESS,HOUSE_WIFE,Good
female,ST,WA,SEBA,AHSEC,ENGLISH,Vg,Vg,BANK_OFFICIAL,HOUSE_WIFE,Good
female,ST,WA,SEBA,CBSE,ENGLISH,Vg,Vg,BUSINESS,HOUSE_WIFE,Average
male,ST,OA,CBSE,CBSE,ENGLISH,Excellent,Excellent,OTHERS,SCHOOL_TEACHER,Average
male,ST,NO,CBSE,CBSE,ENGLISH,Excellent,Excellent,SCHOOL_TEACHER,SCHOOL_TEACHER,Average
male,ST,NO,SEBA,AHSEC,ENGLISH,Vg,Vg,SCHOOL_TEACHER,SCHOOL_TEACHER,Average
male,ST,WA,CBSE,CBSE,ENGLISH,Excellent,Vg,OTHERS,HOUSE_WIFE,Average
female,ST,WA,CBSE,CBSE,ENGLISH,Excellent,Vg,OTHERS,SCHOOL_TEACHER,Average
female,ST,WA,SEBA,CBSE,ENGLISH,Excellent,Excellent,DOCTOR,COLLEGE_TEACHER,Average
female,ST,WA,SEBA,AHSEC,ENGLISH,Excellent,Excellent,OTHERS,HOUSE_WIFE,Average
female,ST,WA,CBSE,CBSE,ENGLISH,Excellent,Excellent,OTHERS,HOUSE_WIFE,Average
male,ST,WA,SEBA,AHSEC,ENGLISH,Good,Good,ENGINEER,SCHOOL_TEACHER,Average
male,ST,WA,SEBA,CBSE,ENGLISH,Excellent,Excellent,OTHERS,HOUSE_WIFE,Average
female,ST,WA,SEBA,AHSEC,ENGLISH,Excellent,Vg,SCHOOL_TEACHER,HOUSE_WIFE,Average
male,ST,NO,CBSE,CBSE,ENGLISH,Excellent,Excellent,CULTIVATOR,HOUSE_WIFE,Average
female,ST,WA,SEBA,AHSEC,ENGLISH,Vg,Vg,BANK_OFFICIAL,HOUSE_WIFE,Average
male,ST,WA,CBSE,CBSE,ENGLISH,Excellent,Vg,CULTIVATOR,HOUSE_WIFE,Average
female,ST,WA,CBSE,CBSE,ENGLISH,Excellent,Good,ENGINEER,BUSINESS,Average
male,ST,WA,SEBA,AHSEC,ENGLISH,Excellent,Excellent,OTHERS,HOUSE_WIFE,Average
male,ST,OA,CBSE,CBSE,ENGLISH,Excellent,Vg,BUSINESS,SCHOOL_TEACHER,Average
female,ST,WA,SEBA,AHSEC,ENGLISH,Vg,Vg,DOCTOR,HOUSE_WIFE,Average
female,ST,WA,CBSE,CBSE,ENGLISH,Vg,Vg,OTHERS,HOUSE_WIFE,Average
female,ST,WA,SEBA,AHSEC,ENGLISH,Excellent,Excellent,SCHOOL_TEACHER,HOUSE_WIFE,Average
male,ST,WA,CBSE,CBSE,ENGLISH,Excellent,Good,OTHERS,HOUSE_WIFE,Average
female,ST,WA,OTHERS,OTHERS,ENGLISH,Excellent,Excellent,DOCTOR,COLLEGE_TEACHER,Average
female,ST,WA,SEBA,AHSEC,ASSAMESE,Excellent,Vg,OTHERS,OTHERS,Average
male,ST,OA,CBSE,CBSE,ENGLISH,Excellent,Excellent,OTHERS,HOUSE_WIFE,Average
female,ST,NO,CBSE,CBSE,ENGLISH,Excellent,Excellent,BANK_OFFICIAL,HOUSE_WIFE,Average
male,ST,WA,SEBA,AHSEC,ASSAMESE,Excellent,Vg,BANK_OFFICIAL,HOUSE_WIFE,Average
female,ST,WA,SEBA,AHSEC,OTHERS,Average,Vg,OTHERS,HOUSE_WIFE,Average
male,ST,NO,SEBA,AHSEC,ENGLISH,Excellent,Excellent,OTHERS,OTHERS,Average
female,ST,WA,CBSE,CBSE,ENGLISH,Excellent,Good,ENGINEER,HOUSE_WIFE,Average
male,ST,WA,CBSE,CBSE,ENGLISH,Excellent,Excellent,CULTIVATOR,HOUSE_WIFE,Average
male,ST,WA,SEBA,AHSEC,ASSAMESE,Excellent,Excellent,CULTIVATOR,HOUSE_WIFE,Average
female,ST,WA,SEBA,AHSEC,ENGLISH,Vg,Average,OTHERS,HOUSE_WIFE,Average
male,ST,NO,CBSE,CBSE,ENGLISH,Vg,Good,CULTIVATOR,HOUSE_WIFE,Average
male,ST,WA,SEBA,AHSEC,ENGLISH,Average,Good,OTHERS,HOUSE_WIFE,Average
female,ST,OA,CBSE,CBSE,ENGLISH,Excellent,Vg,OTHERS,HOUSE_WIFE,Average
female,ST,WA,CBSE,CBSE,ENGLISH,Excellent,Vg,BANK_OFFICIAL,HOUSE_WIFE,Average
female,ST,WA,SEBA,AHSEC,ASSAMESE,Excellent,Excellent,SCHOOL_TEACHER,SCHOOL_TEACHER,Average
male,ST,OA,CBSE,CBSE,ENGLISH,Vg,Excellent,OTHERS,HOUSE_WIFE,Average
female,ST,WA,SEBA,AHSEC,ENGLISH,Excellent,Vg,OTHERS,HOUSE_WIFE,Average
female,ST,WA,SEBA,AHSEC,ENGLISH,Excellent,Vg,COLLEGE_TEACHER,HOUSE_WIFE,Average
female,ST,WA,SEBA,AHSEC,ENGLISH,Excellent,Good,SCHOOL_TEACHER,HOUSE_WIFE,Average
male,ST,WA,CBSE,CBSE,ENGLISH,Excellent,Vg,SCHOOL_TEACHER,HOUSE_WIFE,Average
male,ST,NO,SEBA,AHSEC,ENGLISH,Average,Average,OTHERS,HOUSE_WIFE,Average
male,ST,NO,CBSE,CBSE,ENGLISH,Excellent,Good,OTHERS,HOUSE_WIFE,Average
male,ST,NO,SEBA,AHSEC,ASSAMESE,Vg,Good,CULTIVATOR,HOUSE_WIFE,Average
female,ST,WA,SEBA,AHSEC,ENGLISH,Excellent,Vg,OTHERS,HOUSE_WIFE,Average
female,ST,WA,SEBA,AHSEC,ENGLISH,Vg,Vg,OTHERS,HOUSE_WIFE,Average
male,ST,NO,SEBA,AHSEC,ENGLISH,Good,Vg,OTHERS,HOUSE_WIFE,Average
male,ST,WA,SEBA,AHSEC,ENGLISH,Vg,Vg,SCHOOL_TEACHER,HOUSE_WIFE,Average
male,ST,WA,CBSE,CBSE,ENGLISH,Excellent,Vg,OTHERS,HOUSE_WIFE,Average
male,ST,WA,CBSE,CBSE,ENGLISH,Excellent,Vg,OTHERS,HOUSE_WIFE,Average
male,ST,WA,SEBA,AHSEC,ENGLISH,Excellent,Good,OTHERS,HOUSE_WIFE,Average
male,ST,NO,CBSE,CBSE,ENGLISH,Excellent,Excellent,SCHOOL_TEACHER,HOUSE_WIFE,Average
female,ST,WA,CBSE,CBSE,ENGLISH,Excellent,Excellent,ENGINEER,OTHERS,Average
male,ST,NO,CBSE,CBSE,ENGLISH,Excellent,Excellent,OTHERS,HOUSE_WIFE,Average
female,ST,WA,SEBA,AHSEC,ENGLISH,Excellent,Vg,CULTIVATOR,OTHERS,Average
female,ST,WA,CBSE,CBSE,ENGLISH,Excellent,Excellent,OTHERS,HOUSE_WIFE,Average
female,ST,WA,CBSE,CBSE,ENGLISH,Excellent,Vg,ENGINEER,HOUSE_WIFE,Average
female,ST,WA,CBSE,CBSE,ENGLISH,Excellent,Good,OTHERS,HOUSE_WIFE,Average
male,ST,WA,CBSE,CBSE,ENGLISH,Vg,Vg,OTHERS,HOUSE_WIFE,Average
male,ST,OA,CBSE,CBSE,ENGLISH,Excellent,Vg,CULTIVATOR,HOUSE_WIFE,Average
female,ST,WA,SEBA,AHSEC,ENGLISH,Excellent,Excellent,SCHOOL_TEACHER,SCHOOL_TEACHER,Average
male,ST,NO,SEBA,AHSEC,ENGLISH,Average,Good,BUSINESS,HOUSE_WIFE,Average
male,ST,NO,SEBA,AHSEC,ASSAMESE,Average,Average,CULTIVATOR,HOUSE_WIFE,Average
male,ST,NO,SEBA,AHSEC,ENGLISH,Excellent,Excellent,DOCTOR,HOUSE_WIFE,Average
male,ST,OA,CBSE,CBSE,ENGLISH,Vg,Excellent,SCHOOL_TEACHER,OTHERS,Average
male,ST,WA,CBSE,CBSE,ENGLISH,Excellent,Vg,ENGINEER,HOUSE_WIFE,Average
male,ST,WA,SEBA,AHSEC,ENGLISH,Good,Good,OTHERS,HOUSE_WIFE,Average
male,ST,WA,SEBA,AHSEC,ENGLISH,Excellent,Excellent,OTHERS,OTHERS,Average
female,ST,NO,CBSE,CBSE,ENGLISH,Excellent,Excellent,OTHERS,DOCTOR,Average
female,ST,WA,SEBA,AHSEC,ENGLISH,Excellent,Vg,OTHERS,SCHOOL_TEACHER,Average
male,ST,WA,CBSE,AHSEC,ENGLISH,Good,Good,OTHERS,SCHOOL_TEACHER,Average
female,ST,WA,SEBA,AHSEC,ENGLISH,Vg,Good,ENGINEER,HOUSE_WIFE,Average
male,ST,WA,SEBA,AHSEC,ENGLISH,Vg,Vg,OTHERS,HOUSE_WIFE,Average
male,ST,NO,SEBA,AHSEC,ENGLISH,Good,Average,CULTIVATOR,HOUSE_WIFE,Average
female,ST,WA,OTHERS,OTHERS,ENGLISH,Vg,Vg,SCHOOL_TEACHER,HOUSE_WIFE,Average
female,ST,WA,SEBA,AHSEC,ENGLISH,Vg,Vg,OTHERS,SCHOOL_TEACHER,Average
male,ST,WA,CBSE,CBSE,ENGLISH,Vg,Vg,BANK_OFFICIAL,HOUSE_WIFE,Average
female,ST,WA,SEBA,AHSEC,ENGLISH,Vg,Vg,BUSINESS,DOCTOR,Average
female,ST,WA,SEBA,AHSEC,ASSAMESE,Vg,Good,CULTIVATOR,HOUSE_WIFE,Average
male,ST,NO,SEBA,AHSEC,ENGLISH,Average,Good,BUSINESS,OTHERS,Average
male,ST,WA,SEBA,AHSEC,ENGLISH,Good,Good,OTHERS,SCHOOL_TEACHER,Average
male,ST,WA,SEBA,AHSEC,ENGLISH,Vg,Good,OTHERS,HOUSE_WIFE,Average
female,ST,WA,SEBA,AHSEC,ENGLISH,Good,Good,SCHOOL_TEACHER,HOUSE_WIFE,Average
male,ST,WA,SEBA,AHSEC,ENGLISH,Good,Good,SCHOOL_TEACHER,HOUSE_WIFE,Average
female,ST,OA,OTHERS,OTHERS,ENGLISH,Good,Good,CULTIVATOR,HOUSE_WIFE,Average
female,ST,WA,SEBA,AHSEC,ENGLISH,Good,Good,OTHERS,HOUSE_WIFE,Average
female,ST,NO,SEBA,AHSEC,ENGLISH,Average,Average,SCHOOL_TEACHER,HOUSE_WIFE,Average
male,ST,WA,CBSE,CBSE,ENGLISH,Excellent,Excellent,OTHERS,SCHOOL_TEACHER,Average
female,ST,WA,SEBA,AHSEC,ENGLISH,Vg,Vg,OTHERS,OTHERS,Average
male,ST,NO,SEBA,AHSEC,ENGLISH,Vg,Vg,CULTIVATOR,OTHERS,Average
female,ST,WA,CBSE,AHSEC,ENGLISH,Excellent,Good,BUSINESS,HOUSE_WIFE,Average
female,ST,WA,SEBA,AHSEC,ENGLISH,Excellent,Vg,OTHERS,OTHERS,Average
female,ST,NO,SEBA,AHSEC,ENGLISH,Vg,Good,BUSINESS,SCHOOL_TEACHER,Average
female,ST,WA,SEBA,CBSE,ENGLISH,Good,Vg,DOCTOR,SCHOOL_TEACHER,Average
female,ST,WA,SEBA,AHSEC,ENGLISH,Good,Vg,OTHERS,HOUSE_WIFE,Average
male,ST,WA,SEBA,AHSEC,ENGLISH,Vg,Good,CULTIVATOR,HOUSE_WIFE,Average
male,ST,WA,SEBA,CBSE,ENGLISH,Good,Vg,OTHERS,SCHOOL_TEACHER,Average
male,ST,WA,SEBA,AHSEC,ENGLISH,Good,Good,SCHOOL_TEACHER,HOUSE_WIFE,Average
female,ST,NO,SEBA,CBSE,ENGLISH,Vg,Good,BUSINESS,OTHERS,Average
